,nick_to_sgRNA,target_to_sgRNA,PC1,PC2,PC3,PC4,PC5,aln_ref_alt_match,aln_ref_alt_mis,aln_ref_alt_del,aln_ref_alt_ins,sgRNA_GC,PBS_GC,RTS_GC,nick_gRNA_GC,PBS_length,RTS_length,RTS_PBS_length_ratio,sgRNA_max_mean,sgRNA_percent,PBS_RTS_max_mean,PBS_RTS_percent,model1_predction,model2_predction,predicted_efficiency
chr12_121183873_chr12_121183829_121183849_TGAGCATTAGCAACATAGCA_candidate_1,59.0,28.0,2.6095224214799324,10.163284320716109,0.9970015045737826,-1.9726573924106314,0.34344445256450096,1.0,0.0,0.0,1.0,0.4,0.375,0.3548387096774194,0.6,8.0,31.0,3.875,0.632135294117647,0.15789473684210525,0.5922749999999999,0.2894736842105263,35.628639026833305,50.214008057454166,44.37986044520582
chr12_121183873_chr12_121183829_121183849_TGAGCATTAGCAACATAGCA_candidate_6,59.0,28.0,2.6095224214799324,10.163284320716109,0.9970015045737826,-1.9726573924106314,0.34344445256450096,1.0,0.0,0.0,1.0,0.4,0.375,0.2826086956521739,0.6,8.0,46.0,5.75,0.632135294117647,0.15789473684210525,0.5844833333333335,0.27631578947368424,36.768273442166645,47.81884839194524,43.3986184120338
chr12_121183873_chr12_121183829_121183849_TGAGCATTAGCAACATAGCA_candidate_22,59.0,28.0,2.6095224214799324,10.163284320716109,0.9970015045737826,-1.9726573924106314,0.34344445256450096,1.0,0.0,0.0,1.0,0.4,0.35714285714285715,0.3548387096774194,0.6,14.0,31.0,2.2142857142857144,0.632135294117647,0.15789473684210525,0.6035870967741935,0.2894736842105263,35.44321496699998,47.23113959805403,42.51596974563241
chr12_121183873_chr12_121183829_121183849_TGAGCATTAGCAACATAGCA_candidate_5,59.0,28.0,2.6095224214799324,10.163284320716109,0.9970015045737826,-1.9726573924106314,0.34344445256450096,1.0,0.0,0.0,1.0,0.4,0.375,0.27906976744186046,0.6,8.0,43.0,5.375,0.632135294117647,0.15789473684210525,0.5670666666666667,0.2631578947368421,36.81025689133332,46.2173226036836,42.45449631874348
chr12_121183873_chr12_121183829_121183849_TGAGCATTAGCAACATAGCA_candidate_27,59.0,28.0,2.6095224214799324,10.163284320716109,0.9970015045737826,-1.9726573924106314,0.34344445256450096,1.0,0.0,0.0,1.0,0.4,0.35714285714285715,0.2826086956521739,0.6,14.0,46.0,3.2857142857142856,0.632135294117647,0.15789473684210525,0.520818181818182,0.2894736842105263,38.45207867849997,44.635750600960364,42.16228183197621
chr12_121183873_chr12_121183829_121183849_TGAGCATTAGCAACATAGCA_candidate_8,59.0,28.0,2.6095224214799324,10.163284320716109,0.9970015045737826,-1.9726573924106314,0.34344445256450096,1.0,0.0,0.0,1.0,0.4,0.3,0.3548387096774194,0.6,10.0,31.0,3.1,0.632135294117647,0.15789473684210525,0.591621875,0.2894736842105263,35.96282330833329,46.16091121235519,42.081676050746424
chr12_121183873_chr12_121183829_121183849_TGAGCATTAGCAACATAGCA_candidate_13,59.0,28.0,2.6095224214799324,10.163284320716109,0.9970015045737826,-1.9726573924106314,0.34344445256450096,1.0,0.0,0.0,1.0,0.4,0.3,0.2826086956521739,0.6,10.0,46.0,4.6,0.632135294117647,0.15789473684210525,0.5844833333333335,0.27631578947368424,37.03131373583331,44.64598323560237,41.60011543569475
chr12_121183873_chr12_121183829_121183849_TGAGCATTAGCAACATAGCA_candidate_26,59.0,28.0,2.6095224214799324,10.163284320716109,0.9970015045737826,-1.9726573924106314,0.34344445256450096,1.0,0.0,0.0,1.0,0.4,0.35714285714285715,0.27906976744186046,0.6,14.0,43.0,3.0714285714285716,0.632135294117647,0.15789473684210525,0.47733000000000003,0.2631578947368421,38.10122054349998,43.801911592813354,41.521635173088
chr12_121183873_chr12_121183829_121183849_TGAGCATTAGCAACATAGCA_candidate_7,59.0,28.0,2.6095224214799324,10.163284320716109,0.9970015045737826,-1.9726573924106314,0.34344445256450096,1.0,0.0,0.0,1.0,0.4,0.375,0.2653061224489796,0.6,8.0,49.0,6.125,0.632135294117647,0.15789473684210525,0.4337423076923077,0.27631578947368424,37.622944650833325,43.974838330313105,41.43408085852119
chr12_121183873_chr12_121183829_121183849_TGAGCATTAGCAACATAGCA_candidate_2,59.0,28.0,2.6095224214799324,10.163284320716109,0.9970015045737826,-1.9726573924106314,0.34344445256450096,1.0,0.0,0.0,1.0,0.4,0.375,0.35294117647058826,0.6,8.0,34.0,4.25,0.632135294117647,0.15789473684210525,0.5604838709677419,0.39473684210526316,36.53255254999998,44.41310465116909,41.26088381070144
chr12_121183873_chr12_121183829_121183849_TGAGCATTAGCAACATAGCA_candidate_28,59.0,28.0,2.6095224214799324,10.163284320716109,0.9970015045737826,-1.9726573924106314,0.34344445256450096,1.0,0.0,0.0,1.0,0.4,0.35714285714285715,0.2653061224489796,0.6,14.0,49.0,3.5,0.632135294117647,0.15789473684210525,0.45855192307692305,0.3026315789473684,38.46217758099996,42.2685727714498,40.746014695269864
chr12_121183873_chr12_121183829_121183849_TGAGCATTAGCAACATAGCA_candidate_20,59.0,28.0,2.6095224214799324,10.163284320716109,0.9970015045737826,-1.9726573924106314,0.34344445256450096,1.0,0.0,0.0,1.0,0.4,0.25,0.2826086956521739,0.6,12.0,46.0,3.8333333333333335,0.632135294117647,0.15789473684210525,0.5714972972972974,0.27631578947368424,37.36922340666665,42.99714062352113,40.74597373677934
chr12_121183873_chr12_121183829_121183849_TGAGCATTAGCAACATAGCA_candidate_4,59.0,28.0,2.6095224214799324,10.163284320716109,0.9970015045737826,-1.9726573924106314,0.34344445256450096,1.0,0.0,0.0,1.0,0.4,0.375,0.3,0.6,8.0,40.0,5.0,0.632135294117647,0.15789473684210525,0.5440771428571428,0.3157894736842105,37.06838614449999,43.130675464075054,40.70575973624503
chr12_121183873_chr12_121183829_121183849_TGAGCATTAGCAACATAGCA_candidate_15,59.0,28.0,2.6095224214799324,10.163284320716109,0.9970015045737826,-1.9726573924106314,0.34344445256450096,1.0,0.0,0.0,1.0,0.4,0.25,0.3548387096774194,0.6,12.0,31.0,2.5833333333333335,0.632135294117647,0.15789473684210525,0.6058903225806452,0.2894736842105263,35.41983808233331,43.425706767530485,40.223359293451615
chr12_121183873_chr12_121183829_121183849_TGAGCATTAGCAACATAGCA_candidate_25,59.0,28.0,2.6095224214799324,10.163284320716109,0.9970015045737826,-1.9726573924106314,0.34344445256450096,1.0,0.0,0.0,1.0,0.4,0.35714285714285715,0.3,0.6,14.0,40.0,2.857142857142857,0.632135294117647,0.15789473684210525,0.5074794871794871,0.3157894736842105,37.73807207549998,41.87017245730081,40.21733230458048
chr12_121183873_chr12_121183829_121183849_TGAGCATTAGCAACATAGCA_candidate_12,59.0,28.0,2.6095224214799324,10.163284320716109,0.9970015045737826,-1.9726573924106314,0.34344445256450096,1.0,0.0,0.0,1.0,0.4,0.3,0.27906976744186046,0.6,10.0,43.0,4.3,0.632135294117647,0.15789473684210525,0.5189536585365853,0.2631578947368421,37.46403004066666,41.681072145376504,39.994255303492565
chr12_121183873_chr12_121183829_121183849_TGAGCATTAGCAACATAGCA_candidate_14,59.0,28.0,2.6095224214799324,10.163284320716109,0.9970015045737826,-1.9726573924106314,0.34344445256450096,1.0,0.0,0.0,1.0,0.4,0.3,0.2653061224489796,0.6,10.0,49.0,4.9,0.632135294117647,0.15789473684210525,0.44614313725490196,0.27631578947368424,37.869689699666644,40.991896190251,39.743013594017256
chr12_121183873_chr12_121183829_121183849_TGAGCATTAGCAACATAGCA_candidate_21,59.0,28.0,2.6095224214799324,10.163284320716109,0.9970015045737826,-1.9726573924106314,0.34344445256450096,1.0,0.0,0.0,1.0,0.4,0.25,0.2653061224489796,0.6,12.0,49.0,4.083333333333333,0.632135294117647,0.15789473684210525,0.4485700000000001,0.27631578947368424,38.18677582466664,40.769157993952334,39.73620512623806
chr12_121183873_chr12_121183829_121183849_TGAGCATTAGCAACATAGCA_candidate_23,59.0,28.0,2.6095224214799324,10.163284320716109,0.9970015045737826,-1.9726573924106314,0.34344445256450096,1.0,0.0,0.0,1.0,0.4,0.35714285714285715,0.35294117647058826,0.6,14.0,34.0,2.4285714285714284,0.632135294117647,0.15789473684210525,0.5629838709677418,0.39473684210526316,36.37842127166664,41.64434478061857,39.537975377037796
chr12_121183873_chr12_121183829_121183849_TGAGCATTAGCAACATAGCA_candidate_19,59.0,28.0,2.6095224214799324,10.163284320716109,0.9970015045737826,-1.9726573924106314,0.34344445256450096,1.0,0.0,0.0,1.0,0.4,0.25,0.27906976744186046,0.6,12.0,43.0,3.5833333333333335,0.632135294117647,0.15789473684210525,0.47707083333333333,0.2631578947368421,37.74930514983331,40.62449494093083,39.47441902449182
chr12_121183873_chr12_121183901_121183921_ACTCGCCCGTCTCACTTCCT_candidate_3,59.0,31.0,2.6095224214799324,10.163284320716109,0.9970015045737826,-1.9726573924106314,0.34344445256450096,1.0,0.0,0.0,1.0,0.6,0.375,0.275,0.4,8.0,40.0,5.0,0.5265368421052631,0.10526315789473684,0.27109666666666665,0.05263157894736842,40.055572283166654,38.98341794468665,39.412279680078655
chr12_121183873_chr12_121183901_121183921_ACTCGCCCGTCTCACTTCCT_candidate_4,59.0,31.0,2.6095224214799324,10.163284320716109,0.9970015045737826,-1.9726573924106314,0.34344445256450096,1.0,0.0,0.0,1.0,0.6,0.375,0.2558139534883721,0.4,8.0,43.0,5.375,0.5265368421052631,0.10526315789473684,0.26985833333333337,0.05263157894736842,40.05442762349999,38.98341794468665,39.41182181621198
chr12_121183873_chr12_121183901_121183921_ACTCGCCCGTCTCACTTCCT_candidate_5,59.0,31.0,2.6095224214799324,10.163284320716109,0.9970015045737826,-1.9726573924106314,0.34344445256450096,1.0,0.0,0.0,1.0,0.6,0.375,0.2391304347826087,0.4,8.0,46.0,5.75,0.5265368421052631,0.10526315789473684,0.25422962962962964,0.05263157894736842,40.02260132749999,38.98341794468665,39.399091297811985
chr12_121183873_chr12_121183901_121183921_ACTCGCCCGTCTCACTTCCT_candidate_2,59.0,31.0,2.6095224214799324,10.163284320716109,0.9970015045737826,-1.9726573924106314,0.34344445256450096,1.0,0.0,0.0,1.0,0.6,0.375,0.2972972972972973,0.4,8.0,37.0,4.625,0.5265368421052631,0.10526315789473684,0.25643225806451614,0.02631578947368421,40.231995569166656,38.62128960065391,39.26557198805901
chr12_121183873_chr12_121183829_121183849_TGAGCATTAGCAACATAGCA_candidate_9,59.0,28.0,2.6095224214799324,10.163284320716109,0.9970015045737826,-1.9726573924106314,0.34344445256450096,1.0,0.0,0.0,1.0,0.4,0.3,0.35294117647058826,0.6,10.0,34.0,3.4,0.632135294117647,0.15789473684210525,0.5609225806451612,0.39473684210526316,36.8440413163333,40.85411393695102,39.25008488870394
chr12_121183873_chr12_121183901_121183921_ACTCGCCCGTCTCACTTCCT_candidate_15,59.0,31.0,2.6095224214799324,10.163284320716109,0.9970015045737826,-1.9726573924106314,0.34344445256450096,1.0,0.0,0.0,1.0,0.6,0.5833333333333334,0.275,0.4,12.0,40.0,3.3333333333333335,0.5265368421052631,0.10526315789473684,0.27142,0.05263157894736842,40.392288048833315,38.34731270940098,39.16530284517391
chr12_121183873_chr12_121183829_121183849_TGAGCATTAGCAACATAGCA_candidate_11,59.0,28.0,2.6095224214799324,10.163284320716109,0.9970015045737826,-1.9726573924106314,0.34344445256450096,1.0,0.0,0.0,1.0,0.4,0.3,0.3,0.6,10.0,40.0,4.0,0.632135294117647,0.15789473684210525,0.5187736842105264,0.3157894736842105,37.64586590199998,40.14773332401295,39.14698635520776
chr12_121183873_chr12_121183901_121183921_ACTCGCCCGTCTCACTTCCT_candidate_16,59.0,31.0,2.6095224214799324,10.163284320716109,0.9970015045737826,-1.9726573924106314,0.34344445256450096,1.0,0.0,0.0,1.0,0.6,0.5833333333333334,0.2558139534883721,0.4,12.0,43.0,3.5833333333333335,0.5265368421052631,0.10526315789473684,0.2694375,0.05263157894736842,40.31311244899999,38.34731270940098,39.13363260524058
chr12_121183873_chr12_121183829_121183849_TGAGCATTAGCAACATAGCA_candidate_3,59.0,28.0,2.6095224214799324,10.163284320716109,0.9970015045737826,-1.9726573924106314,0.34344445256450096,1.0,0.0,0.0,1.0,0.4,0.375,0.32432432432432434,0.6,8.0,37.0,4.625,0.632135294117647,0.15789473684210525,0.646015625,0.3815789473684211,35.97021316566665,41.10800318930755,39.05288717985119
chr12_121183873_chr12_121183901_121183921_ACTCGCCCGTCTCACTTCCT_candidate_14,59.0,31.0,2.6095224214799324,10.163284320716109,0.9970015045737826,-1.9726573924106314,0.34344445256450096,1.0,0.0,0.0,1.0,0.6,0.5833333333333334,0.2972972972972973,0.4,12.0,37.0,3.0833333333333335,0.5265368421052631,0.10526315789473684,0.252890625,0.02631578947368421,40.600117910499996,37.985184365368255,39.03115778342095
chr12_121183873_chr12_121183901_121183921_ACTCGCCCGTCTCACTTCCT_candidate_22,59.0,31.0,2.6095224214799324,10.163284320716109,0.9970015045737826,-1.9726573924106314,0.34344445256450096,1.0,0.0,0.0,1.0,0.6,0.6428571428571429,0.2558139534883721,0.4,14.0,43.0,3.0714285714285716,0.5265368421052631,0.10526315789473684,0.2694375,0.05263157894736842,38.932552701499986,38.77866692218707,38.84022123391224
chr12_121183873_chr12_121183829_121183849_TGAGCATTAGCAACATAGCA_candidate_18,59.0,28.0,2.6095224214799324,10.163284320716109,0.9970015045737826,-1.9726573924106314,0.34344445256450096,1.0,0.0,0.0,1.0,0.4,0.25,0.3,0.6,12.0,40.0,3.3333333333333335,0.632135294117647,0.15789473684210525,0.507974358974359,0.3157894736842105,37.51554033866666,39.56788573727212,38.74694757782994
chr12_121183873_chr12_121183901_121183921_ACTCGCCCGTCTCACTTCCT_candidate_9,59.0,31.0,2.6095224214799324,10.163284320716109,0.9970015045737826,-1.9726573924106314,0.34344445256450096,1.0,0.0,0.0,1.0,0.6,0.5,0.275,0.4,10.0,40.0,4.0,0.5265368421052631,0.10526315789473684,0.27136666666666664,0.05263157894736842,40.00056437699999,37.89274263809526,38.735871333657144
chr12_121183873_chr12_121183901_121183921_ACTCGCCCGTCTCACTTCCT_candidate_10,59.0,31.0,2.6095224214799324,10.163284320716109,0.9970015045737826,-1.9726573924106314,0.34344445256450096,1.0,0.0,0.0,1.0,0.6,0.5,0.2558139534883721,0.4,10.0,43.0,4.3,0.5265368421052631,0.10526315789473684,0.2695375,0.05263157894736842,39.999419717333325,37.89274263809526,38.73541346979049
chr12_121183873_chr12_121183829_121183849_TGAGCATTAGCAACATAGCA_candidate_29,59.0,28.0,2.6095224214799324,10.163284320716109,0.9970015045737826,-1.9726573924106314,0.34344445256450096,1.0,0.0,0.0,1.0,0.4,0.375,0.3548387096774194,0.6,16.0,31.0,1.9375,0.632135294117647,0.15789473684210525,0.6024354838709677,0.2894736842105263,34.25533944383331,41.70272983350915,38.72377367763882
chr12_121183873_chr12_121183901_121183921_ACTCGCCCGTCTCACTTCCT_candidate_11,59.0,31.0,2.6095224214799324,10.163284320716109,0.9970015045737826,-1.9726573924106314,0.34344445256450096,1.0,0.0,0.0,1.0,0.6,0.5,0.2391304347826087,0.4,10.0,46.0,4.6,0.5265368421052631,0.10526315789473684,0.284225,0.05263157894736842,39.967593421333326,37.89274263809526,38.72268295139048
chr12_121183873_chr12_121183829_121183849_TGAGCATTAGCAACATAGCA_candidate_17,59.0,28.0,2.6095224214799324,10.163284320716109,0.9970015045737826,-1.9726573924106314,0.34344445256450096,1.0,0.0,0.0,1.0,0.4,0.25,0.32432432432432434,0.6,12.0,37.0,3.0833333333333335,0.632135294117647,0.15789473684210525,0.5865527777777777,0.3815789473684211,37.20554539333331,39.5658786829153,38.621745367082504
chr12_121183873_chr12_121183901_121183921_ACTCGCCCGTCTCACTTCCT_candidate_18,59.0,31.0,2.6095224214799324,10.163284320716109,0.9970015045737826,-1.9726573924106314,0.34344445256450096,1.0,0.0,0.0,1.0,0.6,0.5833333333333334,0.24489795918367346,0.4,12.0,49.0,4.083333333333333,0.5265368421052631,0.10526315789473684,0.364015625,0.13157894736842105,39.86659882966666,37.773946088059006,38.61100718470207
chr12_121183873_chr12_121183901_121183921_ACTCGCCCGTCTCACTTCCT_candidate_8,59.0,31.0,2.6095224214799324,10.163284320716109,0.9970015045737826,-1.9726573924106314,0.34344445256450096,1.0,0.0,0.0,1.0,0.6,0.5,0.2972972972972973,0.4,10.0,37.0,3.7,0.5265368421052631,0.10526315789473684,0.2526625,0.02631578947368421,40.18730044899999,37.53061429406252,38.59328875603751
chr12_121183873_chr12_121183829_121183849_TGAGCATTAGCAACATAGCA_candidate_16,59.0,28.0,2.6095224214799324,10.163284320716109,0.9970015045737826,-1.9726573924106314,0.34344445256450096,1.0,0.0,0.0,1.0,0.4,0.25,0.35294117647058826,0.6,12.0,34.0,2.8333333333333335,0.632135294117647,0.15789473684210525,0.563116129032258,0.39473684210526316,36.91529852733329,39.691834878840154,38.58122033823741
chr12_121183873_chr12_121183829_121183849_TGAGCATTAGCAACATAGCA_candidate_34,59.0,28.0,2.6095224214799324,10.163284320716109,0.9970015045737826,-1.9726573924106314,0.34344445256450096,1.0,0.0,0.0,1.0,0.4,0.375,0.2826086956521739,0.6,16.0,46.0,2.875,0.632135294117647,0.15789473684210525,0.5385695652173913,0.32894736842105265,37.60729254316664,39.2086322733511,38.568096381277314
chr12_121183873_chr12_121183829_121183849_TGAGCATTAGCAACATAGCA_candidate_35,59.0,28.0,2.6095224214799324,10.163284320716109,0.9970015045737826,-1.9726573924106314,0.34344445256450096,1.0,0.0,0.0,1.0,0.4,0.375,0.2653061224489796,0.6,16.0,49.0,3.0625,0.632135294117647,0.15789473684210525,0.45058000000000015,0.3026315789473684,38.090228678333304,38.78108388217001,38.50474180063533
chr12_121183873_chr12_121183901_121183921_ACTCGCCCGTCTCACTTCCT_candidate_21,59.0,31.0,2.6095224214799324,10.163284320716109,0.9970015045737826,-1.9726573924106314,0.34344445256450096,1.0,0.0,0.0,1.0,0.6,0.6428571428571429,0.275,0.4,14.0,40.0,2.857142857142857,0.5265368421052631,0.10526315789473684,0.2657838709677419,0.05263157894736842,38.89045240549999,38.10173270190319,38.41722058334191
chr12_121183873_chr12_121183829_121183849_TGAGCATTAGCAACATAGCA_candidate_36,59.0,28.0,2.6095224214799324,10.163284320716109,0.9970015045737826,-1.9726573924106314,0.34344445256450096,1.0,0.0,0.0,1.0,0.4,0.3888888888888889,0.3548387096774194,0.6,18.0,31.0,1.7222222222222223,0.632135294117647,0.15789473684210525,0.6013516129032258,0.2894736842105263,34.30511049283331,40.84453167199254,38.22876320032885
chr12_121183873_chr12_121183901_121183921_ACTCGCCCGTCTCACTTCCT_candidate_23,59.0,31.0,2.6095224214799324,10.163284320716109,0.9970015045737826,-1.9726573924106314,0.34344445256450096,1.0,0.0,0.0,1.0,0.6,0.6428571428571429,0.2391304347826087,0.4,14.0,46.0,3.2857142857142856,0.5265368421052631,0.10526315789473684,0.3145771428571429,0.09210526315789473,38.707441987666655,37.72642290910183,38.11883054052775
chr12_121183873_chr12_121183901_121183921_ACTCGCCCGTCTCACTTCCT_candidate_6,59.0,31.0,2.6095224214799324,10.163284320716109,0.9970015045737826,-1.9726573924106314,0.34344445256450096,1.0,0.0,0.0,1.0,0.6,0.375,0.24489795918367346,0.4,8.0,49.0,6.125,0.5265368421052631,0.10526315789473684,0.3615964285714286,0.10526315789473684,39.23349289699997,37.207655565644856,38.017990498186904
chr12_121183873_chr12_121183901_121183921_ACTCGCCCGTCTCACTTCCT_candidate_17,59.0,31.0,2.6095224214799324,10.163284320716109,0.9970015045737826,-1.9726573924106314,0.34344445256450096,1.0,0.0,0.0,1.0,0.6,0.5833333333333334,0.2391304347826087,0.4,12.0,46.0,3.8333333333333335,0.5265368421052631,0.10526315789473684,0.3256411764705882,0.09210526315789473,39.874566180666655,36.57155033035919,37.89275667048217
chr12_121183873_chr12_121183829_121183849_TGAGCATTAGCAACATAGCA_candidate_33,59.0,28.0,2.6095224214799324,10.163284320716109,0.9970015045737826,-1.9726573924106314,0.34344445256450096,1.0,0.0,0.0,1.0,0.4,0.375,0.27906976744186046,0.6,16.0,43.0,2.6875,0.632135294117647,0.15789473684210525,0.4969,0.27631578947368424,36.91284777049997,38.17624272716709,37.67088474450024
chr12_121183873_chr12_121183901_121183921_ACTCGCCCGTCTCACTTCCT_candidate_24,59.0,31.0,2.6095224214799324,10.163284320716109,0.9970015045737826,-1.9726573924106314,0.34344445256450096,1.0,0.0,0.0,1.0,0.6,0.6428571428571429,0.24489795918367346,0.4,14.0,49.0,3.5,0.5265368421052631,0.10526315789473684,0.362259375,0.10526315789473684,38.52127055949999,37.030962164162275,37.627085522297364
chr12_121183873_chr12_121183901_121183921_ACTCGCCCGTCTCACTTCCT_candidate_1,59.0,31.0,2.6095224214799324,10.163284320716109,0.9970015045737826,-1.9726573924106314,0.34344445256450096,1.0,0.0,0.0,1.0,0.6,0.375,0.3235294117647059,0.4,8.0,34.0,4.25,0.5265368421052631,0.10526315789473684,0.2631147058823529,0.05263157894736842,39.42610804883331,36.369403704535145,37.592085442254415
chr12_121183873_chr12_121183829_121183849_TGAGCATTAGCAACATAGCA_candidate_24,59.0,28.0,2.6095224214799324,10.163284320716109,0.9970015045737826,-1.9726573924106314,0.34344445256450096,1.0,0.0,0.0,1.0,0.4,0.35714285714285715,0.32432432432432434,0.6,14.0,37.0,2.642857142857143,0.632135294117647,0.15789473684210525,0.5338243902439024,0.3815789473684211,37.815511979999975,37.345577636302664,37.53355137378159
chr12_121183873_chr12_121183829_121183849_TGAGCATTAGCAACATAGCA_candidate_10,59.0,28.0,2.6095224214799324,10.163284320716109,0.9970015045737826,-1.9726573924106314,0.34344445256450096,1.0,0.0,0.0,1.0,0.4,0.3,0.32432432432432434,0.6,10.0,37.0,3.7,0.632135294117647,0.15789473684210525,0.6446093749999999,0.3815789473684211,36.27531116066665,38.26231456390123,37.46751320260739
chr12_121183873_chr12_121183901_121183921_ACTCGCCCGTCTCACTTCCT_candidate_12,59.0,31.0,2.6095224214799324,10.163284320716109,0.9970015045737826,-1.9726573924106314,0.34344445256450096,1.0,0.0,0.0,1.0,0.6,0.5,0.24489795918367346,0.4,10.0,49.0,4.9,0.5265368421052631,0.10526315789473684,0.35832580645161277,0.11842105263157894,39.1794494083333,36.11698025905346,37.34196791876539
chr12_121183873_chr12_121183901_121183921_ACTCGCCCGTCTCACTTCCT_candidate_7,59.0,31.0,2.6095224214799324,10.163284320716109,0.9970015045737826,-1.9726573924106314,0.34344445256450096,1.0,0.0,0.0,1.0,0.6,0.5,0.3235294117647059,0.4,10.0,34.0,3.4,0.5265368421052631,0.10526315789473684,0.2633060606060606,0.039473684210526314,39.61248563599999,34.916600053911026,36.79495428674661
chr12_121183873_chr12_121183901_121183921_ACTCGCCCGTCTCACTTCCT_candidate_13,59.0,31.0,2.6095224214799324,10.163284320716109,0.9970015045737826,-1.9726573924106314,0.34344445256450096,1.0,0.0,0.0,1.0,0.6,0.5833333333333334,0.3235294117647059,0.4,12.0,34.0,2.8333333333333335,0.5265368421052631,0.10526315789473684,0.2629545454545454,0.039473684210526314,39.99914288249999,34.6560613792239,36.79329398053434
chr12_121183873_chr12_121183901_121183921_ACTCGCCCGTCTCACTTCCT_candidate_20,59.0,31.0,2.6095224214799324,10.163284320716109,0.9970015045737826,-1.9726573924106314,0.34344445256450096,1.0,0.0,0.0,1.0,0.6,0.6428571428571429,0.2972972972972973,0.4,14.0,37.0,2.642857142857143,0.5265368421052631,0.10526315789473684,0.25341250000000004,0.02631578947368421,38.254517219833325,35.727160062005524,36.738102925136644
chr12_121183873_chr12_121183829_121183849_TGAGCATTAGCAACATAGCA_candidate_41,59.0,28.0,2.6095224214799324,10.163284320716109,0.9970015045737826,-1.9726573924106314,0.34344445256450096,1.0,0.0,0.0,1.0,0.4,0.3888888888888889,0.2826086956521739,0.6,18.0,46.0,2.5555555555555554,0.632135294117647,0.15789473684210525,0.5259541666666666,0.32894736842105265,37.426646702499966,35.60248461966789,36.33214945280072
chr12_121183873_chr12_121183829_121183849_TGAGCATTAGCAACATAGCA_candidate_42,59.0,28.0,2.6095224214799324,10.163284320716109,0.9970015045737826,-1.9726573924106314,0.34344445256450096,1.0,0.0,0.0,1.0,0.4,0.3888888888888889,0.2653061224489796,0.6,18.0,49.0,2.7222222222222223,0.632135294117647,0.15789473684210525,0.4645425925925926,0.32894736842105265,37.7402651818333,34.768645611520895,35.95729343964585
chr12_121183873_chr12_121183829_121183849_TGAGCATTAGCAACATAGCA_candidate_32,59.0,28.0,2.6095224214799324,10.163284320716109,0.9970015045737826,-1.9726573924106314,0.34344445256450096,1.0,0.0,0.0,1.0,0.4,0.375,0.3,0.6,16.0,40.0,2.5,0.632135294117647,0.15789473684210525,0.4788604651162791,0.3157894736842105,36.224205581999975,34.79009279015828,35.36373790689496
chr12_121183873_chr12_121183829_121183849_TGAGCATTAGCAACATAGCA_candidate_30,59.0,28.0,2.6095224214799324,10.163284320716109,0.9970015045737826,-1.9726573924106314,0.34344445256450096,1.0,0.0,0.0,1.0,0.4,0.375,0.35294117647058826,0.6,16.0,34.0,2.125,0.632135294117647,0.15789473684210525,0.5293176470588236,0.39473684210526316,36.151805541833305,34.59927819727942,35.22028913510097
chr12_121183873_chr12_121183901_121183921_ACTCGCCCGTCTCACTTCCT_candidate_29,59.0,31.0,2.6095224214799324,10.163284320716109,0.9970015045737826,-1.9726573924106314,0.34344445256450096,1.0,0.0,0.0,1.0,0.6,0.625,0.2391304347826087,0.4,16.0,46.0,2.875,0.5265368421052631,0.10526315789473684,0.32689999999999997,0.09210526315789473,38.493592643833324,32.43001209282093,34.85544431322589
chr12_121183873_chr12_121183901_121183921_ACTCGCCCGTCTCACTTCCT_candidate_30,59.0,31.0,2.6095224214799324,10.163284320716109,0.9970015045737826,-1.9726573924106314,0.34344445256450096,1.0,0.0,0.0,1.0,0.6,0.625,0.24489795918367346,0.4,16.0,49.0,3.0625,0.5265368421052631,0.10526315789473684,0.36279375,0.10526315789473684,38.450211636499986,32.43001209282093,34.838091910292555
chr12_121183873_chr12_121183829_121183849_TGAGCATTAGCAACATAGCA_candidate_31,59.0,28.0,2.6095224214799324,10.163284320716109,0.9970015045737826,-1.9726573924106314,0.34344445256450096,1.0,0.0,0.0,1.0,0.4,0.375,0.32432432432432434,0.6,16.0,37.0,2.3125,0.632135294117647,0.15789473684210525,0.5338170731707317,0.3815789473684211,36.39971547066664,33.77395575209553,34.82425963952397
chr12_121183873_chr12_121183829_121183849_TGAGCATTAGCAACATAGCA_candidate_39,59.0,28.0,2.6095224214799324,10.163284320716109,0.9970015045737826,-1.9726573924106314,0.34344445256450096,1.0,0.0,0.0,1.0,0.4,0.3888888888888889,0.3,0.6,18.0,40.0,2.2222222222222223,0.632135294117647,0.15789473684210525,0.5219613636363637,0.35526315789473684,36.5591099628333,33.55409479468818,34.75610086194623
chr12_121183873_chr12_121183829_121183849_TGAGCATTAGCAACATAGCA_candidate_40,59.0,28.0,2.6095224214799324,10.163284320716109,0.9970015045737826,-1.9726573924106314,0.34344445256450096,1.0,0.0,0.0,1.0,0.4,0.3888888888888889,0.27906976744186046,0.6,18.0,43.0,2.388888888888889,0.632135294117647,0.15789473684210525,0.5080388888888888,0.3026315789473684,35.86090080199997,33.98317847038511,34.734267403031055
chr12_121183873_chr12_121183901_121183921_ACTCGCCCGTCTCACTTCCT_candidate_28,59.0,31.0,2.6095224214799324,10.163284320716109,0.9970015045737826,-1.9726573924106314,0.34344445256450096,1.0,0.0,0.0,1.0,0.6,0.625,0.2558139534883721,0.4,16.0,43.0,2.6875,0.5265368421052631,0.10526315789473684,0.2562259259259259,0.05263157894736842,38.06988743666665,31.488338334696923,34.120957975484814
chr12_121183873_chr12_121183901_121183921_ACTCGCCCGTCTCACTTCCT_candidate_36,59.0,31.0,2.6095224214799324,10.163284320716109,0.9970015045737826,-1.9726573924106314,0.34344445256450096,1.0,0.0,0.0,1.0,0.6,0.6111111111111112,0.24489795918367346,0.4,18.0,49.0,2.7222222222222223,0.5265368421052631,0.10526315789473684,0.363378125,0.10526315789473684,40.207691423166644,29.027222087055154,33.49940982149975
chr12_121183873_chr12_121183901_121183921_ACTCGCCCGTCTCACTTCCT_candidate_35,59.0,31.0,2.6095224214799324,10.163284320716109,0.9970015045737826,-1.9726573924106314,0.34344445256450096,1.0,0.0,0.0,1.0,0.6,0.6111111111111112,0.2391304347826087,0.4,18.0,46.0,2.5555555555555554,0.5265368421052631,0.10526315789473684,0.31604857142857146,0.09210526315789473,39.575240051666654,29.027222087055154,33.24642927289975
chr12_121183873_chr12_121183829_121183849_TGAGCATTAGCAACATAGCA_candidate_37,59.0,28.0,2.6095224214799324,10.163284320716109,0.9970015045737826,-1.9726573924106314,0.34344445256450096,1.0,0.0,0.0,1.0,0.4,0.3888888888888889,0.35294117647058826,0.6,18.0,34.0,1.8888888888888888,0.632135294117647,0.15789473684210525,0.5001189189189189,0.39473684210526316,35.090759167333296,31.990094789647767,33.23036054072198
chr12_121183873_chr12_121183901_121183921_ACTCGCCCGTCTCACTTCCT_candidate_19,59.0,31.0,2.6095224214799324,10.163284320716109,0.9970015045737826,-1.9726573924106314,0.34344445256450096,1.0,0.0,0.0,1.0,0.6,0.6428571428571429,0.3235294117647059,0.4,14.0,34.0,2.4285714285714284,0.5265368421052631,0.10526315789473684,0.26362727272727265,0.039473684210526314,37.03553424599999,30.552137978646392,33.14549648558783
chr12_121183873_chr12_121183901_121183921_ACTCGCCCGTCTCACTTCCT_candidate_34,59.0,31.0,2.6095224214799324,10.163284320716109,0.9970015045737826,-1.9726573924106314,0.34344445256450096,1.0,0.0,0.0,1.0,0.6,0.6111111111111112,0.2558139534883721,0.4,18.0,43.0,2.388888888888889,0.5265368421052631,0.10526315789473684,0.24891333333333335,0.05263157894736842,38.7443072243333,28.377645541756248,32.524310214787064
chr12_121183873_chr12_121183901_121183921_ACTCGCCCGTCTCACTTCCT_candidate_27,59.0,31.0,2.6095224214799324,10.163284320716109,0.9970015045737826,-1.9726573924106314,0.34344445256450096,1.0,0.0,0.0,1.0,0.6,0.625,0.275,0.4,16.0,40.0,2.5,0.5265368421052631,0.10526315789473684,0.2657838709677419,0.05263157894736842,37.00328764949998,29.50838471804219,32.50634589062531
chr12_121183873_chr12_121183901_121183921_ACTCGCCCGTCTCACTTCCT_candidate_33,59.0,31.0,2.6095224214799324,10.163284320716109,0.9970015045737826,-1.9726573924106314,0.34344445256450096,1.0,0.0,0.0,1.0,0.6,0.6111111111111112,0.275,0.4,18.0,40.0,2.2222222222222223,0.5265368421052631,0.10526315789473684,0.28644722222222224,0.06578947368421052,38.47660367549998,28.377645541756248,32.41722879525374
chr12_121183873_chr12_121183901_121183921_ACTCGCCCGTCTCACTTCCT_candidate_26,59.0,31.0,2.6095224214799324,10.163284320716109,0.9970015045737826,-1.9726573924106314,0.34344445256450096,1.0,0.0,0.0,1.0,0.6,0.625,0.2972972972972973,0.4,16.0,37.0,2.3125,0.5265368421052631,0.10526315789473684,0.25346562499999997,0.02631578947368421,37.02473071899999,29.14625637400945,32.297646112005665
chr12_121183873_chr12_121183829_121183849_TGAGCATTAGCAACATAGCA_candidate_38,59.0,28.0,2.6095224214799324,10.163284320716109,0.9970015045737826,-1.9726573924106314,0.34344445256450096,1.0,0.0,0.0,1.0,0.4,0.3888888888888889,0.32432432432432434,0.6,18.0,37.0,2.0555555555555554,0.632135294117647,0.15789473684210525,0.5407500000000001,0.3815789473684211,35.59965691066664,29.78003366162864,32.10788296124384
chr12_121183873_chr12_121183901_121183921_ACTCGCCCGTCTCACTTCCT_candidate_32,59.0,31.0,2.6095224214799324,10.163284320716109,0.9970015045737826,-1.9726573924106314,0.34344445256450096,1.0,0.0,0.0,1.0,0.6,0.6111111111111112,0.2972972972972973,0.4,18.0,37.0,2.0555555555555554,0.5265368421052631,0.10526315789473684,0.253384375,0.02631578947368421,38.500511330333296,25.23960170802813,30.543965556950198
chr12_121183873_chr12_121183901_121183921_ACTCGCCCGTCTCACTTCCT_candidate_25,59.0,31.0,2.6095224214799324,10.163284320716109,0.9970015045737826,-1.9726573924106314,0.34344445256450096,1.0,0.0,0.0,1.0,0.6,0.625,0.3235294117647059,0.4,16.0,34.0,2.125,0.5265368421052631,0.10526315789473684,0.2642363636363636,0.039473684210526314,36.75418380066666,23.54672486969432,28.829708442083255
chr12_121183873_chr12_121183901_121183921_ACTCGCCCGTCTCACTTCCT_candidate_31,59.0,31.0,2.6095224214799324,10.163284320716109,0.9970015045737826,-1.9726573924106314,0.34344445256450096,1.0,0.0,0.0,1.0,0.6,0.6111111111111112,0.3235294117647059,0.4,18.0,34.0,1.8888888888888888,0.5265368421052631,0.10526315789473684,0.26477575757575755,0.039473684210526314,37.98099984449996,22.275983229789116,28.557989875673456
