,nick_to_sgRNA,target_to_sgRNA,PC1,PC2,PC3,PC4,PC5,aln_ref_alt_match,aln_ref_alt_mis,aln_ref_alt_del,aln_ref_alt_ins,sgRNA_GC,PBS_GC,RTS_GC,nick_gRNA_GC,PBS_length,RTS_length,RTS_PBS_length_ratio,sgRNA_max_mean,sgRNA_percent,PBS_RTS_max_mean,PBS_RTS_percent
chr12_121183873_chr12_121183829_121183849_TGAGCATTAGCAACATAGCA_candidate_1,59.0,28.0,2.6095224214799324,10.163284320716109,0.9970015045737826,-1.9726573924106314,0.34344445256450096,1.0,0.0,0.0,1.0,0.4,0.375,0.3548387096774194,0.6,8.0,31.0,3.875,0.632135294117647,0.15789473684210525,0.5922749999999999,0.2894736842105263
chr12_121183873_chr12_121183829_121183849_TGAGCATTAGCAACATAGCA_candidate_10,59.0,28.0,2.6095224214799324,10.163284320716109,0.9970015045737826,-1.9726573924106314,0.34344445256450096,1.0,0.0,0.0,1.0,0.4,0.3,0.32432432432432434,0.6,10.0,37.0,3.7,0.632135294117647,0.15789473684210525,0.6446093749999999,0.3815789473684211
chr12_121183873_chr12_121183829_121183849_TGAGCATTAGCAACATAGCA_candidate_11,59.0,28.0,2.6095224214799324,10.163284320716109,0.9970015045737826,-1.9726573924106314,0.34344445256450096,1.0,0.0,0.0,1.0,0.4,0.3,0.3,0.6,10.0,40.0,4.0,0.632135294117647,0.15789473684210525,0.5187736842105264,0.3157894736842105
chr12_121183873_chr12_121183829_121183849_TGAGCATTAGCAACATAGCA_candidate_12,59.0,28.0,2.6095224214799324,10.163284320716109,0.9970015045737826,-1.9726573924106314,0.34344445256450096,1.0,0.0,0.0,1.0,0.4,0.3,0.27906976744186046,0.6,10.0,43.0,4.3,0.632135294117647,0.15789473684210525,0.5189536585365853,0.2631578947368421
chr12_121183873_chr12_121183829_121183849_TGAGCATTAGCAACATAGCA_candidate_13,59.0,28.0,2.6095224214799324,10.163284320716109,0.9970015045737826,-1.9726573924106314,0.34344445256450096,1.0,0.0,0.0,1.0,0.4,0.3,0.2826086956521739,0.6,10.0,46.0,4.6,0.632135294117647,0.15789473684210525,0.5844833333333335,0.27631578947368424
chr12_121183873_chr12_121183829_121183849_TGAGCATTAGCAACATAGCA_candidate_14,59.0,28.0,2.6095224214799324,10.163284320716109,0.9970015045737826,-1.9726573924106314,0.34344445256450096,1.0,0.0,0.0,1.0,0.4,0.3,0.2653061224489796,0.6,10.0,49.0,4.9,0.632135294117647,0.15789473684210525,0.44614313725490196,0.27631578947368424
chr12_121183873_chr12_121183829_121183849_TGAGCATTAGCAACATAGCA_candidate_15,59.0,28.0,2.6095224214799324,10.163284320716109,0.9970015045737826,-1.9726573924106314,0.34344445256450096,1.0,0.0,0.0,1.0,0.4,0.25,0.3548387096774194,0.6,12.0,31.0,2.5833333333333335,0.632135294117647,0.15789473684210525,0.6058903225806452,0.2894736842105263
chr12_121183873_chr12_121183829_121183849_TGAGCATTAGCAACATAGCA_candidate_16,59.0,28.0,2.6095224214799324,10.163284320716109,0.9970015045737826,-1.9726573924106314,0.34344445256450096,1.0,0.0,0.0,1.0,0.4,0.25,0.35294117647058826,0.6,12.0,34.0,2.8333333333333335,0.632135294117647,0.15789473684210525,0.563116129032258,0.39473684210526316
chr12_121183873_chr12_121183829_121183849_TGAGCATTAGCAACATAGCA_candidate_17,59.0,28.0,2.6095224214799324,10.163284320716109,0.9970015045737826,-1.9726573924106314,0.34344445256450096,1.0,0.0,0.0,1.0,0.4,0.25,0.32432432432432434,0.6,12.0,37.0,3.0833333333333335,0.632135294117647,0.15789473684210525,0.5865527777777777,0.3815789473684211
chr12_121183873_chr12_121183829_121183849_TGAGCATTAGCAACATAGCA_candidate_18,59.0,28.0,2.6095224214799324,10.163284320716109,0.9970015045737826,-1.9726573924106314,0.34344445256450096,1.0,0.0,0.0,1.0,0.4,0.25,0.3,0.6,12.0,40.0,3.3333333333333335,0.632135294117647,0.15789473684210525,0.507974358974359,0.3157894736842105
chr12_121183873_chr12_121183829_121183849_TGAGCATTAGCAACATAGCA_candidate_19,59.0,28.0,2.6095224214799324,10.163284320716109,0.9970015045737826,-1.9726573924106314,0.34344445256450096,1.0,0.0,0.0,1.0,0.4,0.25,0.27906976744186046,0.6,12.0,43.0,3.5833333333333335,0.632135294117647,0.15789473684210525,0.47707083333333333,0.2631578947368421
chr12_121183873_chr12_121183829_121183849_TGAGCATTAGCAACATAGCA_candidate_2,59.0,28.0,2.6095224214799324,10.163284320716109,0.9970015045737826,-1.9726573924106314,0.34344445256450096,1.0,0.0,0.0,1.0,0.4,0.375,0.35294117647058826,0.6,8.0,34.0,4.25,0.632135294117647,0.15789473684210525,0.5604838709677419,0.39473684210526316
chr12_121183873_chr12_121183829_121183849_TGAGCATTAGCAACATAGCA_candidate_20,59.0,28.0,2.6095224214799324,10.163284320716109,0.9970015045737826,-1.9726573924106314,0.34344445256450096,1.0,0.0,0.0,1.0,0.4,0.25,0.2826086956521739,0.6,12.0,46.0,3.8333333333333335,0.632135294117647,0.15789473684210525,0.5714972972972974,0.27631578947368424
chr12_121183873_chr12_121183829_121183849_TGAGCATTAGCAACATAGCA_candidate_21,59.0,28.0,2.6095224214799324,10.163284320716109,0.9970015045737826,-1.9726573924106314,0.34344445256450096,1.0,0.0,0.0,1.0,0.4,0.25,0.2653061224489796,0.6,12.0,49.0,4.083333333333333,0.632135294117647,0.15789473684210525,0.4485700000000001,0.27631578947368424
chr12_121183873_chr12_121183829_121183849_TGAGCATTAGCAACATAGCA_candidate_22,59.0,28.0,2.6095224214799324,10.163284320716109,0.9970015045737826,-1.9726573924106314,0.34344445256450096,1.0,0.0,0.0,1.0,0.4,0.35714285714285715,0.3548387096774194,0.6,14.0,31.0,2.2142857142857144,0.632135294117647,0.15789473684210525,0.6035870967741935,0.2894736842105263
chr12_121183873_chr12_121183829_121183849_TGAGCATTAGCAACATAGCA_candidate_23,59.0,28.0,2.6095224214799324,10.163284320716109,0.9970015045737826,-1.9726573924106314,0.34344445256450096,1.0,0.0,0.0,1.0,0.4,0.35714285714285715,0.35294117647058826,0.6,14.0,34.0,2.4285714285714284,0.632135294117647,0.15789473684210525,0.5629838709677418,0.39473684210526316
chr12_121183873_chr12_121183829_121183849_TGAGCATTAGCAACATAGCA_candidate_24,59.0,28.0,2.6095224214799324,10.163284320716109,0.9970015045737826,-1.9726573924106314,0.34344445256450096,1.0,0.0,0.0,1.0,0.4,0.35714285714285715,0.32432432432432434,0.6,14.0,37.0,2.642857142857143,0.632135294117647,0.15789473684210525,0.5338243902439024,0.3815789473684211
chr12_121183873_chr12_121183829_121183849_TGAGCATTAGCAACATAGCA_candidate_25,59.0,28.0,2.6095224214799324,10.163284320716109,0.9970015045737826,-1.9726573924106314,0.34344445256450096,1.0,0.0,0.0,1.0,0.4,0.35714285714285715,0.3,0.6,14.0,40.0,2.857142857142857,0.632135294117647,0.15789473684210525,0.5074794871794871,0.3157894736842105
chr12_121183873_chr12_121183829_121183849_TGAGCATTAGCAACATAGCA_candidate_26,59.0,28.0,2.6095224214799324,10.163284320716109,0.9970015045737826,-1.9726573924106314,0.34344445256450096,1.0,0.0,0.0,1.0,0.4,0.35714285714285715,0.27906976744186046,0.6,14.0,43.0,3.0714285714285716,0.632135294117647,0.15789473684210525,0.47733000000000003,0.2631578947368421
chr12_121183873_chr12_121183829_121183849_TGAGCATTAGCAACATAGCA_candidate_27,59.0,28.0,2.6095224214799324,10.163284320716109,0.9970015045737826,-1.9726573924106314,0.34344445256450096,1.0,0.0,0.0,1.0,0.4,0.35714285714285715,0.2826086956521739,0.6,14.0,46.0,3.2857142857142856,0.632135294117647,0.15789473684210525,0.520818181818182,0.2894736842105263
chr12_121183873_chr12_121183829_121183849_TGAGCATTAGCAACATAGCA_candidate_28,59.0,28.0,2.6095224214799324,10.163284320716109,0.9970015045737826,-1.9726573924106314,0.34344445256450096,1.0,0.0,0.0,1.0,0.4,0.35714285714285715,0.2653061224489796,0.6,14.0,49.0,3.5,0.632135294117647,0.15789473684210525,0.45855192307692305,0.3026315789473684
chr12_121183873_chr12_121183829_121183849_TGAGCATTAGCAACATAGCA_candidate_29,59.0,28.0,2.6095224214799324,10.163284320716109,0.9970015045737826,-1.9726573924106314,0.34344445256450096,1.0,0.0,0.0,1.0,0.4,0.375,0.3548387096774194,0.6,16.0,31.0,1.9375,0.632135294117647,0.15789473684210525,0.6024354838709677,0.2894736842105263
chr12_121183873_chr12_121183829_121183849_TGAGCATTAGCAACATAGCA_candidate_3,59.0,28.0,2.6095224214799324,10.163284320716109,0.9970015045737826,-1.9726573924106314,0.34344445256450096,1.0,0.0,0.0,1.0,0.4,0.375,0.32432432432432434,0.6,8.0,37.0,4.625,0.632135294117647,0.15789473684210525,0.646015625,0.3815789473684211
chr12_121183873_chr12_121183829_121183849_TGAGCATTAGCAACATAGCA_candidate_30,59.0,28.0,2.6095224214799324,10.163284320716109,0.9970015045737826,-1.9726573924106314,0.34344445256450096,1.0,0.0,0.0,1.0,0.4,0.375,0.35294117647058826,0.6,16.0,34.0,2.125,0.632135294117647,0.15789473684210525,0.5293176470588236,0.39473684210526316
chr12_121183873_chr12_121183829_121183849_TGAGCATTAGCAACATAGCA_candidate_31,59.0,28.0,2.6095224214799324,10.163284320716109,0.9970015045737826,-1.9726573924106314,0.34344445256450096,1.0,0.0,0.0,1.0,0.4,0.375,0.32432432432432434,0.6,16.0,37.0,2.3125,0.632135294117647,0.15789473684210525,0.5338170731707317,0.3815789473684211
chr12_121183873_chr12_121183829_121183849_TGAGCATTAGCAACATAGCA_candidate_32,59.0,28.0,2.6095224214799324,10.163284320716109,0.9970015045737826,-1.9726573924106314,0.34344445256450096,1.0,0.0,0.0,1.0,0.4,0.375,0.3,0.6,16.0,40.0,2.5,0.632135294117647,0.15789473684210525,0.4788604651162791,0.3157894736842105
chr12_121183873_chr12_121183829_121183849_TGAGCATTAGCAACATAGCA_candidate_33,59.0,28.0,2.6095224214799324,10.163284320716109,0.9970015045737826,-1.9726573924106314,0.34344445256450096,1.0,0.0,0.0,1.0,0.4,0.375,0.27906976744186046,0.6,16.0,43.0,2.6875,0.632135294117647,0.15789473684210525,0.4969,0.27631578947368424
chr12_121183873_chr12_121183829_121183849_TGAGCATTAGCAACATAGCA_candidate_34,59.0,28.0,2.6095224214799324,10.163284320716109,0.9970015045737826,-1.9726573924106314,0.34344445256450096,1.0,0.0,0.0,1.0,0.4,0.375,0.2826086956521739,0.6,16.0,46.0,2.875,0.632135294117647,0.15789473684210525,0.5385695652173913,0.32894736842105265
chr12_121183873_chr12_121183829_121183849_TGAGCATTAGCAACATAGCA_candidate_35,59.0,28.0,2.6095224214799324,10.163284320716109,0.9970015045737826,-1.9726573924106314,0.34344445256450096,1.0,0.0,0.0,1.0,0.4,0.375,0.2653061224489796,0.6,16.0,49.0,3.0625,0.632135294117647,0.15789473684210525,0.45058000000000015,0.3026315789473684
chr12_121183873_chr12_121183829_121183849_TGAGCATTAGCAACATAGCA_candidate_36,59.0,28.0,2.6095224214799324,10.163284320716109,0.9970015045737826,-1.9726573924106314,0.34344445256450096,1.0,0.0,0.0,1.0,0.4,0.3888888888888889,0.3548387096774194,0.6,18.0,31.0,1.7222222222222223,0.632135294117647,0.15789473684210525,0.6013516129032258,0.2894736842105263
chr12_121183873_chr12_121183829_121183849_TGAGCATTAGCAACATAGCA_candidate_37,59.0,28.0,2.6095224214799324,10.163284320716109,0.9970015045737826,-1.9726573924106314,0.34344445256450096,1.0,0.0,0.0,1.0,0.4,0.3888888888888889,0.35294117647058826,0.6,18.0,34.0,1.8888888888888888,0.632135294117647,0.15789473684210525,0.5001189189189189,0.39473684210526316
chr12_121183873_chr12_121183829_121183849_TGAGCATTAGCAACATAGCA_candidate_38,59.0,28.0,2.6095224214799324,10.163284320716109,0.9970015045737826,-1.9726573924106314,0.34344445256450096,1.0,0.0,0.0,1.0,0.4,0.3888888888888889,0.32432432432432434,0.6,18.0,37.0,2.0555555555555554,0.632135294117647,0.15789473684210525,0.5407500000000001,0.3815789473684211
chr12_121183873_chr12_121183829_121183849_TGAGCATTAGCAACATAGCA_candidate_39,59.0,28.0,2.6095224214799324,10.163284320716109,0.9970015045737826,-1.9726573924106314,0.34344445256450096,1.0,0.0,0.0,1.0,0.4,0.3888888888888889,0.3,0.6,18.0,40.0,2.2222222222222223,0.632135294117647,0.15789473684210525,0.5219613636363637,0.35526315789473684
chr12_121183873_chr12_121183829_121183849_TGAGCATTAGCAACATAGCA_candidate_4,59.0,28.0,2.6095224214799324,10.163284320716109,0.9970015045737826,-1.9726573924106314,0.34344445256450096,1.0,0.0,0.0,1.0,0.4,0.375,0.3,0.6,8.0,40.0,5.0,0.632135294117647,0.15789473684210525,0.5440771428571428,0.3157894736842105
chr12_121183873_chr12_121183829_121183849_TGAGCATTAGCAACATAGCA_candidate_40,59.0,28.0,2.6095224214799324,10.163284320716109,0.9970015045737826,-1.9726573924106314,0.34344445256450096,1.0,0.0,0.0,1.0,0.4,0.3888888888888889,0.27906976744186046,0.6,18.0,43.0,2.388888888888889,0.632135294117647,0.15789473684210525,0.5080388888888888,0.3026315789473684
chr12_121183873_chr12_121183829_121183849_TGAGCATTAGCAACATAGCA_candidate_41,59.0,28.0,2.6095224214799324,10.163284320716109,0.9970015045737826,-1.9726573924106314,0.34344445256450096,1.0,0.0,0.0,1.0,0.4,0.3888888888888889,0.2826086956521739,0.6,18.0,46.0,2.5555555555555554,0.632135294117647,0.15789473684210525,0.5259541666666666,0.32894736842105265
chr12_121183873_chr12_121183829_121183849_TGAGCATTAGCAACATAGCA_candidate_42,59.0,28.0,2.6095224214799324,10.163284320716109,0.9970015045737826,-1.9726573924106314,0.34344445256450096,1.0,0.0,0.0,1.0,0.4,0.3888888888888889,0.2653061224489796,0.6,18.0,49.0,2.7222222222222223,0.632135294117647,0.15789473684210525,0.4645425925925926,0.32894736842105265
chr12_121183873_chr12_121183829_121183849_TGAGCATTAGCAACATAGCA_candidate_5,59.0,28.0,2.6095224214799324,10.163284320716109,0.9970015045737826,-1.9726573924106314,0.34344445256450096,1.0,0.0,0.0,1.0,0.4,0.375,0.27906976744186046,0.6,8.0,43.0,5.375,0.632135294117647,0.15789473684210525,0.5670666666666667,0.2631578947368421
chr12_121183873_chr12_121183829_121183849_TGAGCATTAGCAACATAGCA_candidate_6,59.0,28.0,2.6095224214799324,10.163284320716109,0.9970015045737826,-1.9726573924106314,0.34344445256450096,1.0,0.0,0.0,1.0,0.4,0.375,0.2826086956521739,0.6,8.0,46.0,5.75,0.632135294117647,0.15789473684210525,0.5844833333333335,0.27631578947368424
chr12_121183873_chr12_121183829_121183849_TGAGCATTAGCAACATAGCA_candidate_7,59.0,28.0,2.6095224214799324,10.163284320716109,0.9970015045737826,-1.9726573924106314,0.34344445256450096,1.0,0.0,0.0,1.0,0.4,0.375,0.2653061224489796,0.6,8.0,49.0,6.125,0.632135294117647,0.15789473684210525,0.4337423076923077,0.27631578947368424
chr12_121183873_chr12_121183829_121183849_TGAGCATTAGCAACATAGCA_candidate_8,59.0,28.0,2.6095224214799324,10.163284320716109,0.9970015045737826,-1.9726573924106314,0.34344445256450096,1.0,0.0,0.0,1.0,0.4,0.3,0.3548387096774194,0.6,10.0,31.0,3.1,0.632135294117647,0.15789473684210525,0.591621875,0.2894736842105263
chr12_121183873_chr12_121183829_121183849_TGAGCATTAGCAACATAGCA_candidate_9,59.0,28.0,2.6095224214799324,10.163284320716109,0.9970015045737826,-1.9726573924106314,0.34344445256450096,1.0,0.0,0.0,1.0,0.4,0.3,0.35294117647058826,0.6,10.0,34.0,3.4,0.632135294117647,0.15789473684210525,0.5609225806451612,0.39473684210526316
chr12_121183873_chr12_121183901_121183921_ACTCGCCCGTCTCACTTCCT_candidate_1,59.0,31.0,2.6095224214799324,10.163284320716109,0.9970015045737826,-1.9726573924106314,0.34344445256450096,1.0,0.0,0.0,1.0,0.6,0.375,0.3235294117647059,0.4,8.0,34.0,4.25,0.5265368421052631,0.10526315789473684,0.2631147058823529,0.05263157894736842
chr12_121183873_chr12_121183901_121183921_ACTCGCCCGTCTCACTTCCT_candidate_10,59.0,31.0,2.6095224214799324,10.163284320716109,0.9970015045737826,-1.9726573924106314,0.34344445256450096,1.0,0.0,0.0,1.0,0.6,0.5,0.2558139534883721,0.4,10.0,43.0,4.3,0.5265368421052631,0.10526315789473684,0.2695375,0.05263157894736842
chr12_121183873_chr12_121183901_121183921_ACTCGCCCGTCTCACTTCCT_candidate_11,59.0,31.0,2.6095224214799324,10.163284320716109,0.9970015045737826,-1.9726573924106314,0.34344445256450096,1.0,0.0,0.0,1.0,0.6,0.5,0.2391304347826087,0.4,10.0,46.0,4.6,0.5265368421052631,0.10526315789473684,0.284225,0.05263157894736842
chr12_121183873_chr12_121183901_121183921_ACTCGCCCGTCTCACTTCCT_candidate_12,59.0,31.0,2.6095224214799324,10.163284320716109,0.9970015045737826,-1.9726573924106314,0.34344445256450096,1.0,0.0,0.0,1.0,0.6,0.5,0.24489795918367346,0.4,10.0,49.0,4.9,0.5265368421052631,0.10526315789473684,0.35832580645161277,0.11842105263157894
chr12_121183873_chr12_121183901_121183921_ACTCGCCCGTCTCACTTCCT_candidate_13,59.0,31.0,2.6095224214799324,10.163284320716109,0.9970015045737826,-1.9726573924106314,0.34344445256450096,1.0,0.0,0.0,1.0,0.6,0.5833333333333334,0.3235294117647059,0.4,12.0,34.0,2.8333333333333335,0.5265368421052631,0.10526315789473684,0.2629545454545454,0.039473684210526314
chr12_121183873_chr12_121183901_121183921_ACTCGCCCGTCTCACTTCCT_candidate_14,59.0,31.0,2.6095224214799324,10.163284320716109,0.9970015045737826,-1.9726573924106314,0.34344445256450096,1.0,0.0,0.0,1.0,0.6,0.5833333333333334,0.2972972972972973,0.4,12.0,37.0,3.0833333333333335,0.5265368421052631,0.10526315789473684,0.252890625,0.02631578947368421
chr12_121183873_chr12_121183901_121183921_ACTCGCCCGTCTCACTTCCT_candidate_15,59.0,31.0,2.6095224214799324,10.163284320716109,0.9970015045737826,-1.9726573924106314,0.34344445256450096,1.0,0.0,0.0,1.0,0.6,0.5833333333333334,0.275,0.4,12.0,40.0,3.3333333333333335,0.5265368421052631,0.10526315789473684,0.27142,0.05263157894736842
chr12_121183873_chr12_121183901_121183921_ACTCGCCCGTCTCACTTCCT_candidate_16,59.0,31.0,2.6095224214799324,10.163284320716109,0.9970015045737826,-1.9726573924106314,0.34344445256450096,1.0,0.0,0.0,1.0,0.6,0.5833333333333334,0.2558139534883721,0.4,12.0,43.0,3.5833333333333335,0.5265368421052631,0.10526315789473684,0.2694375,0.05263157894736842
chr12_121183873_chr12_121183901_121183921_ACTCGCCCGTCTCACTTCCT_candidate_17,59.0,31.0,2.6095224214799324,10.163284320716109,0.9970015045737826,-1.9726573924106314,0.34344445256450096,1.0,0.0,0.0,1.0,0.6,0.5833333333333334,0.2391304347826087,0.4,12.0,46.0,3.8333333333333335,0.5265368421052631,0.10526315789473684,0.3256411764705882,0.09210526315789473
chr12_121183873_chr12_121183901_121183921_ACTCGCCCGTCTCACTTCCT_candidate_18,59.0,31.0,2.6095224214799324,10.163284320716109,0.9970015045737826,-1.9726573924106314,0.34344445256450096,1.0,0.0,0.0,1.0,0.6,0.5833333333333334,0.24489795918367346,0.4,12.0,49.0,4.083333333333333,0.5265368421052631,0.10526315789473684,0.364015625,0.13157894736842105
chr12_121183873_chr12_121183901_121183921_ACTCGCCCGTCTCACTTCCT_candidate_19,59.0,31.0,2.6095224214799324,10.163284320716109,0.9970015045737826,-1.9726573924106314,0.34344445256450096,1.0,0.0,0.0,1.0,0.6,0.6428571428571429,0.3235294117647059,0.4,14.0,34.0,2.4285714285714284,0.5265368421052631,0.10526315789473684,0.26362727272727265,0.039473684210526314
chr12_121183873_chr12_121183901_121183921_ACTCGCCCGTCTCACTTCCT_candidate_2,59.0,31.0,2.6095224214799324,10.163284320716109,0.9970015045737826,-1.9726573924106314,0.34344445256450096,1.0,0.0,0.0,1.0,0.6,0.375,0.2972972972972973,0.4,8.0,37.0,4.625,0.5265368421052631,0.10526315789473684,0.25643225806451614,0.02631578947368421
chr12_121183873_chr12_121183901_121183921_ACTCGCCCGTCTCACTTCCT_candidate_20,59.0,31.0,2.6095224214799324,10.163284320716109,0.9970015045737826,-1.9726573924106314,0.34344445256450096,1.0,0.0,0.0,1.0,0.6,0.6428571428571429,0.2972972972972973,0.4,14.0,37.0,2.642857142857143,0.5265368421052631,0.10526315789473684,0.25341250000000004,0.02631578947368421
chr12_121183873_chr12_121183901_121183921_ACTCGCCCGTCTCACTTCCT_candidate_21,59.0,31.0,2.6095224214799324,10.163284320716109,0.9970015045737826,-1.9726573924106314,0.34344445256450096,1.0,0.0,0.0,1.0,0.6,0.6428571428571429,0.275,0.4,14.0,40.0,2.857142857142857,0.5265368421052631,0.10526315789473684,0.2657838709677419,0.05263157894736842
chr12_121183873_chr12_121183901_121183921_ACTCGCCCGTCTCACTTCCT_candidate_22,59.0,31.0,2.6095224214799324,10.163284320716109,0.9970015045737826,-1.9726573924106314,0.34344445256450096,1.0,0.0,0.0,1.0,0.6,0.6428571428571429,0.2558139534883721,0.4,14.0,43.0,3.0714285714285716,0.5265368421052631,0.10526315789473684,0.2694375,0.05263157894736842
chr12_121183873_chr12_121183901_121183921_ACTCGCCCGTCTCACTTCCT_candidate_23,59.0,31.0,2.6095224214799324,10.163284320716109,0.9970015045737826,-1.9726573924106314,0.34344445256450096,1.0,0.0,0.0,1.0,0.6,0.6428571428571429,0.2391304347826087,0.4,14.0,46.0,3.2857142857142856,0.5265368421052631,0.10526315789473684,0.3145771428571429,0.09210526315789473
chr12_121183873_chr12_121183901_121183921_ACTCGCCCGTCTCACTTCCT_candidate_24,59.0,31.0,2.6095224214799324,10.163284320716109,0.9970015045737826,-1.9726573924106314,0.34344445256450096,1.0,0.0,0.0,1.0,0.6,0.6428571428571429,0.24489795918367346,0.4,14.0,49.0,3.5,0.5265368421052631,0.10526315789473684,0.362259375,0.10526315789473684
chr12_121183873_chr12_121183901_121183921_ACTCGCCCGTCTCACTTCCT_candidate_25,59.0,31.0,2.6095224214799324,10.163284320716109,0.9970015045737826,-1.9726573924106314,0.34344445256450096,1.0,0.0,0.0,1.0,0.6,0.625,0.3235294117647059,0.4,16.0,34.0,2.125,0.5265368421052631,0.10526315789473684,0.2642363636363636,0.039473684210526314
chr12_121183873_chr12_121183901_121183921_ACTCGCCCGTCTCACTTCCT_candidate_26,59.0,31.0,2.6095224214799324,10.163284320716109,0.9970015045737826,-1.9726573924106314,0.34344445256450096,1.0,0.0,0.0,1.0,0.6,0.625,0.2972972972972973,0.4,16.0,37.0,2.3125,0.5265368421052631,0.10526315789473684,0.25346562499999997,0.02631578947368421
chr12_121183873_chr12_121183901_121183921_ACTCGCCCGTCTCACTTCCT_candidate_27,59.0,31.0,2.6095224214799324,10.163284320716109,0.9970015045737826,-1.9726573924106314,0.34344445256450096,1.0,0.0,0.0,1.0,0.6,0.625,0.275,0.4,16.0,40.0,2.5,0.5265368421052631,0.10526315789473684,0.2657838709677419,0.05263157894736842
chr12_121183873_chr12_121183901_121183921_ACTCGCCCGTCTCACTTCCT_candidate_28,59.0,31.0,2.6095224214799324,10.163284320716109,0.9970015045737826,-1.9726573924106314,0.34344445256450096,1.0,0.0,0.0,1.0,0.6,0.625,0.2558139534883721,0.4,16.0,43.0,2.6875,0.5265368421052631,0.10526315789473684,0.2562259259259259,0.05263157894736842
chr12_121183873_chr12_121183901_121183921_ACTCGCCCGTCTCACTTCCT_candidate_29,59.0,31.0,2.6095224214799324,10.163284320716109,0.9970015045737826,-1.9726573924106314,0.34344445256450096,1.0,0.0,0.0,1.0,0.6,0.625,0.2391304347826087,0.4,16.0,46.0,2.875,0.5265368421052631,0.10526315789473684,0.32689999999999997,0.09210526315789473
chr12_121183873_chr12_121183901_121183921_ACTCGCCCGTCTCACTTCCT_candidate_3,59.0,31.0,2.6095224214799324,10.163284320716109,0.9970015045737826,-1.9726573924106314,0.34344445256450096,1.0,0.0,0.0,1.0,0.6,0.375,0.275,0.4,8.0,40.0,5.0,0.5265368421052631,0.10526315789473684,0.27109666666666665,0.05263157894736842
chr12_121183873_chr12_121183901_121183921_ACTCGCCCGTCTCACTTCCT_candidate_30,59.0,31.0,2.6095224214799324,10.163284320716109,0.9970015045737826,-1.9726573924106314,0.34344445256450096,1.0,0.0,0.0,1.0,0.6,0.625,0.24489795918367346,0.4,16.0,49.0,3.0625,0.5265368421052631,0.10526315789473684,0.36279375,0.10526315789473684
chr12_121183873_chr12_121183901_121183921_ACTCGCCCGTCTCACTTCCT_candidate_31,59.0,31.0,2.6095224214799324,10.163284320716109,0.9970015045737826,-1.9726573924106314,0.34344445256450096,1.0,0.0,0.0,1.0,0.6,0.6111111111111112,0.3235294117647059,0.4,18.0,34.0,1.8888888888888888,0.5265368421052631,0.10526315789473684,0.26477575757575755,0.039473684210526314
chr12_121183873_chr12_121183901_121183921_ACTCGCCCGTCTCACTTCCT_candidate_32,59.0,31.0,2.6095224214799324,10.163284320716109,0.9970015045737826,-1.9726573924106314,0.34344445256450096,1.0,0.0,0.0,1.0,0.6,0.6111111111111112,0.2972972972972973,0.4,18.0,37.0,2.0555555555555554,0.5265368421052631,0.10526315789473684,0.253384375,0.02631578947368421
chr12_121183873_chr12_121183901_121183921_ACTCGCCCGTCTCACTTCCT_candidate_33,59.0,31.0,2.6095224214799324,10.163284320716109,0.9970015045737826,-1.9726573924106314,0.34344445256450096,1.0,0.0,0.0,1.0,0.6,0.6111111111111112,0.275,0.4,18.0,40.0,2.2222222222222223,0.5265368421052631,0.10526315789473684,0.28644722222222224,0.06578947368421052
chr12_121183873_chr12_121183901_121183921_ACTCGCCCGTCTCACTTCCT_candidate_34,59.0,31.0,2.6095224214799324,10.163284320716109,0.9970015045737826,-1.9726573924106314,0.34344445256450096,1.0,0.0,0.0,1.0,0.6,0.6111111111111112,0.2558139534883721,0.4,18.0,43.0,2.388888888888889,0.5265368421052631,0.10526315789473684,0.24891333333333335,0.05263157894736842
chr12_121183873_chr12_121183901_121183921_ACTCGCCCGTCTCACTTCCT_candidate_35,59.0,31.0,2.6095224214799324,10.163284320716109,0.9970015045737826,-1.9726573924106314,0.34344445256450096,1.0,0.0,0.0,1.0,0.6,0.6111111111111112,0.2391304347826087,0.4,18.0,46.0,2.5555555555555554,0.5265368421052631,0.10526315789473684,0.31604857142857146,0.09210526315789473
chr12_121183873_chr12_121183901_121183921_ACTCGCCCGTCTCACTTCCT_candidate_36,59.0,31.0,2.6095224214799324,10.163284320716109,0.9970015045737826,-1.9726573924106314,0.34344445256450096,1.0,0.0,0.0,1.0,0.6,0.6111111111111112,0.24489795918367346,0.4,18.0,49.0,2.7222222222222223,0.5265368421052631,0.10526315789473684,0.363378125,0.10526315789473684
chr12_121183873_chr12_121183901_121183921_ACTCGCCCGTCTCACTTCCT_candidate_4,59.0,31.0,2.6095224214799324,10.163284320716109,0.9970015045737826,-1.9726573924106314,0.34344445256450096,1.0,0.0,0.0,1.0,0.6,0.375,0.2558139534883721,0.4,8.0,43.0,5.375,0.5265368421052631,0.10526315789473684,0.26985833333333337,0.05263157894736842
chr12_121183873_chr12_121183901_121183921_ACTCGCCCGTCTCACTTCCT_candidate_5,59.0,31.0,2.6095224214799324,10.163284320716109,0.9970015045737826,-1.9726573924106314,0.34344445256450096,1.0,0.0,0.0,1.0,0.6,0.375,0.2391304347826087,0.4,8.0,46.0,5.75,0.5265368421052631,0.10526315789473684,0.25422962962962964,0.05263157894736842
chr12_121183873_chr12_121183901_121183921_ACTCGCCCGTCTCACTTCCT_candidate_6,59.0,31.0,2.6095224214799324,10.163284320716109,0.9970015045737826,-1.9726573924106314,0.34344445256450096,1.0,0.0,0.0,1.0,0.6,0.375,0.24489795918367346,0.4,8.0,49.0,6.125,0.5265368421052631,0.10526315789473684,0.3615964285714286,0.10526315789473684
chr12_121183873_chr12_121183901_121183921_ACTCGCCCGTCTCACTTCCT_candidate_7,59.0,31.0,2.6095224214799324,10.163284320716109,0.9970015045737826,-1.9726573924106314,0.34344445256450096,1.0,0.0,0.0,1.0,0.6,0.5,0.3235294117647059,0.4,10.0,34.0,3.4,0.5265368421052631,0.10526315789473684,0.2633060606060606,0.039473684210526314
chr12_121183873_chr12_121183901_121183921_ACTCGCCCGTCTCACTTCCT_candidate_8,59.0,31.0,2.6095224214799324,10.163284320716109,0.9970015045737826,-1.9726573924106314,0.34344445256450096,1.0,0.0,0.0,1.0,0.6,0.5,0.2972972972972973,0.4,10.0,37.0,3.7,0.5265368421052631,0.10526315789473684,0.2526625,0.02631578947368421
chr12_121183873_chr12_121183901_121183921_ACTCGCCCGTCTCACTTCCT_candidate_9,59.0,31.0,2.6095224214799324,10.163284320716109,0.9970015045737826,-1.9726573924106314,0.34344445256450096,1.0,0.0,0.0,1.0,0.6,0.5,0.275,0.4,10.0,40.0,4.0,0.5265368421052631,0.10526315789473684,0.27136666666666664,0.05263157894736842
